<?xml version="1.0" encoding="utf-8"?><feed xmlns="http://www.w3.org/2005/Atom" ><generator uri="https://jekyllrb.com/" version="3.8.6">Jekyll</generator><link href="http://localhost:1492/feed.xml" rel="self" type="application/atom+xml" /><link href="http://localhost:1492/" rel="alternate" type="text/html" /><updated>2019-08-20T01:01:03-04:00</updated><id>http://localhost:1492/feed.xml</id><title type="html">Cornerstone Community Development Corporation</title><subtitle>Cornerstone Community Development Corporation (Cornerstone) is a faith-based 501(c) (3), non-profit organization, serving Bergen County, New Jersey, whose purpose is to meet the needs in the community through entrepreneurship, partnership, and education.</subtitle></feed>