{"X270jz3qP4UrUWK2kCHyIg==":"skyscraper%20business%20image-192x128.png","+5IleVF9SO3PMkVdSS4XuQ==":"skyscraper%20business%20image-2000x1331.png","3itYcFybQjf9NmTdmdNAOA==":"mbr-2000x1333.jpg","7DiSz+R1I408newTMNGVAw==":"mbr-1-2000x1333.jpg","jpcBalSWBmwnLylHf+QbVQ==":"official%20ccdc%20logo%20thumbnail-18x21.png","kC5KJjBrJphpAWYUEMZ71g==":"kcjones2-502x644.jpg","YNgDg7bME4eFqhqvtPWxjw==":"abrown2-240x320.jpg","NjPlwxpnHM72FEOyhickpA==":"yasanteb-576x478.jpg","0Xf4+78V+2ZHbuE/PMPD7g==":"yasante2-240x320.jpg","7OdaNKIf9dV7dHxcepe1pQ==":"wnelson2-320x240.jpg","MdPXbLQtaA3eBI+hsvDPIQ==":"wnelson-710x709.jpg","DQohg1ale+5VfI3Su/H5/g==":"bjulian-320x238.jpg","vQO1XTrOM2Jc3615EnETrg==":"wthornton2-295x320.jpg","qJbh6hOYZSfjc/k7vbmTQw==":"pastor_harris2-240x320.jpg","obR+Iz8fv7sAIr0ORw81UQ==":"wowens2-240x320.jpg","qgfLQCMosWF63C2adV9pug==":"day%20of%20healing%20ii-1080x1632.jpg","Vcatgnis4PW6FBkEfwoG1w==":"restore%20grand%20opening-984x957.png","i9WNjQYNy3vXNiTOOBBuuA==":"sba%20webinars-561x210.jpg","CDdXKksvhGEuFQomKs1MfQ==":"brooklyn%20bridge%20under%20construction%20in%201883%20(bingwallpaper-2018-05-24)-1920x1200.jpg","IGxjK34u+MeQV3fwZ+9LfQ==":"brooklyn%20bridge%20under%20construction%20in%201883-1-1920x1200.jpg","lqMr7pjeh365EiM8H3It0w==":"official%20ccdc%20logo-40x46.png","RRZ4wAHO9yIIs0kSR7aLEg==":"city-skyline-1149137-1920-1920x1439.jpg","GqjKn/70R5XWmBL4aBFX7A==":"official%20ccdc%20logo-40x46.png","EiuER6gtldKI4gFctkvaBQ==":"swan%20babies%202494925-1920-1920x900.jpg","/ZK/F9swIaKwYc8pjJyZpA==":"workplace-1245776-1920-1920x1280.jpg","s09v0m8oUr8TS5q64FCOYQ==":"families%20belong%20together-1080x1080.png","u70PRl/Gsna/hkE3k7PtNA==":"2018%20small%20business%20symposium%20flyer-1275x1650.png","vy+ZsCw417WX0NZ9x8H4pA==":"mbr-1920x1280.jpg","TONZK42eghWgPrRfPYlwqA==":"amanda%20missey-600x750.jpg","MILGjumwbksc5w/pne+LJA==":"mbr-1-1920x1280.jpg","jbF050sFHmfsVMhSLFx1JA==":"official%20ccdc%20logo-40x46.png","IPUzi6JBdSX8TaA2n6LD/g==":"syringe-medicine-1884784-2000x1200.jpg"}