<!doctype html>
<html>
  <head>
    <meta charset="utf-8">
<meta http-equiv="X-UA-Compatible" content="IE=edge">
<meta name="viewport" content="width=device-width, initial-scale=1,user-scalable=yes">
<meta name="description" content="">
<!--Google metadata -->
<meta name="google-site-verification" content="FfTvgcLQmP0FxHeND1V7r59DeB7KNPyvKlpgZivQq24" />

<link type="application/atom+xml" rel="alternate" href="http://localhost:1492/feed.xml" title="Cornerstone Community Development Corporation" />

<title></title>

<!--Assign Specific Page CSS-->


<!-- Open Graph Tags -->
<meta property="og:site_name" content="Cornerstone Community Development Corporation" >


<meta property="og:title" content="Cornerstone Community Development Corporation" >
<meta property="twitter:title" content="" >



<meta property="og:type"meta content="website" >
<meta property="twitter:card" content="website" >



<meta property="og:description" content="Cornerstone Community Development Corporation (Cornerstone) is a faith-based 501(c) (3), non-profit organization, serving Bergen County, New Jersey, whose purpose is to meet the needs in the community through entrepreneurship, partnership, and education." >
<meta property="twitter:description" content="Cornerstone Community Development Corporation (Cornerstone) is a faith-based 501(c) (3), non-profit organization, serving Bergen County, New Jersey, whose purpose is to meet the needs in the community through entrepreneurship, partnership, and education." >



<meta property="og:url" content="http://localhost:1492/sitemap/xml" >
<meta property="twitter:url" content="http://localhost:1492/sitemap/xml" >
      




<meta property="og:image" content="http://localhost:1492/assets/images/medium-images/main-site-image.jpg" >
<meta property="twitter:image" content="http://localhost:1492/assets/images/medium-images/main-site-image.jpg" >








<!-- CDN Styling Resources-Font -->
<link href="https://fonts.googleapis.com/css?family=Lora|Montserrat|Nova+Round|Nova+Square|Open+Sans|Pacifico|Raleway|Slabo+13px|Slabo+27px" rel="stylesheet">

<!-- Old FA version <link rel="stylesheet" href="https://maxcdn.bootstrapcdn.com/font-awesome/4.5.0/css/font-awesome.min.css"> -->
<!-- Alternative Font-Awesome Source: <link rel="stylesheet" href="https://cdnjs.cloudflare.com/ajax/libs/font-awesome/4.7.0/css/font-awesome.min.css"> -->
<link rel="stylesheet" href="https://use.fontawesome.com/releases/v5.6.3/css/all.css" integrity="sha384-UHRtZLI+pbxtHCWp1t77Bi1L4ZtiqrqD80Kn4Z8NTSRyMA2Fd33n5dQ8lWUE00s/" crossorigin="anonymous">

<!-- Place favicon.ico and apple-touch-icon.png in the root directory -->
<link rel="icon" type="image/x-icon" href="/favicon.ico" />
<link rel="icon" type="image/png" href="/favicon-32x32.png" sizes="32x32" />
<link rel="icon" type="image/png" href="/favicon-16x16.png" sizes="16x16" />

<link rel="shortcut icon" href="/favicon.ico" type="image/x-icon" />
<link rel="apple-touch-icon" href="/apple-touch-icon.png" />
<link rel="apple-touch-icon" sizes="57x57" href="/apple-touch-icon-57x57.png" />
<link rel="apple-touch-icon" sizes="76x76" href="/apple-touch-icon-76x76.png" />
<link rel="apple-touch-icon" sizes="120x120" href="/apple-touch-icon-120x120.png" />
<link rel="apple-touch-icon" sizes="152x152" href="/apple-touch-icon-152x152.png" />

<!--Canonical URL -->
<link rel="canonical" href="http://localhost:1492/sitemap/xml"/>


<!-- CSS -->
<link rel="stylesheet" href="../assets/css/main.css" type="text/css">

<!-- SEO Tag Setup -->
<!-- Begin Jekyll SEO tag v2.6.1 -->
<title>Cornerstone Community Development Corporation | Cornerstone Community Development Corporation (Cornerstone) is a faith-based 501(c) (3), non-profit organization, serving Bergen County, New Jersey, whose purpose is to meet the needs in the community through entrepreneurship, partnership, and education.</title>
<meta name="generator" content="Jekyll v3.8.6" />
<meta property="og:title" content="Cornerstone Community Development Corporation" />
<meta property="og:locale" content="en_US" />
<meta name="description" content="Cornerstone Community Development Corporation (Cornerstone) is a faith-based 501(c) (3), non-profit organization, serving Bergen County, New Jersey, whose purpose is to meet the needs in the community through entrepreneurship, partnership, and education." />
<meta property="og:description" content="Cornerstone Community Development Corporation (Cornerstone) is a faith-based 501(c) (3), non-profit organization, serving Bergen County, New Jersey, whose purpose is to meet the needs in the community through entrepreneurship, partnership, and education." />
<link rel="canonical" href="http://localhost:1492/sitemap/xml" />
<meta property="og:url" content="http://localhost:1492/sitemap/xml" />
<meta property="og:site_name" content="Cornerstone Community Development Corporation" />
<script type="application/ld+json">
{"description":"Cornerstone Community Development Corporation (Cornerstone) is a faith-based 501(c) (3), non-profit organization, serving Bergen County, New Jersey, whose purpose is to meet the needs in the community through entrepreneurship, partnership, and education.","@type":"WebPage","url":"http://localhost:1492/sitemap/xml","headline":"Cornerstone Community Development Corporation","@context":"https://schema.org"}</script>
<!-- End Jekyll SEO tag -->

  </head>
  <body>

  <!--Facebook Share Enabler-->
  <div id="fb-root"></div>
  <script async defer crossorigin="anonymous" src="https://connect.facebook.net/en_US/sdk.js#xfbml=1&version=v3.3"></script>

    <div id="site-container">
    
<header>
  <div class="header-container">
    <a class="brand" href="/">
          <img src="/assets/images/Official_CCDC_Logo.jpg" alt="Menu Button" width="30" height="30">
          &nbsp;&nbsp;&nbsp;&nbsp;&nbsp;&nbsp;Cornerstone Community Development Corp.
    </a>
    <div class="navigator">
  		<div class="nav-block">
  		<!-- invoke the collapsed menu button for small viewports -->
  		<label for="show-menu" class="show-menu"><span class="grow">&nbsp;&nbsp;<i class="fas fa-bars"></i>&nbsp;&darr;&nbsp;</span></label>
  		<input type="checkbox" id="show-menu" role="button">
  		<ul id="menu">
  		  <li class="phantom"><a href="/">Home</a></li>
  			<li><!-- Use unicode &#x25BC; for dropdown triangle & &darr; for down arrow -->
  				<a href="/about">About<span class="triangle">&#x25BE;</span></a>
  				<ul id="drop1" class="hidden">
  					<li><a href="/mission">Mission</a></li>
  					<li><a href="/purpose">Purpose</a></li>
  					<li><a href="/leadership">Leadership</a>
  				</ul>
  			</li>
  			<li><a href="/highlights">Community</a></li>
  			<li>
  				<a href="/resources">Resources<span class="triangle">&#x25BE;</span></a>
  				<ul id="drop2" class="hidden">
  					<li><a href="/showcase">Showcase</a></li>
  					<li><a href="/scholarship">Scholarship</a></li>
  					<li><a href="/internship">Internship</a></li>
  				</ul>
  			</li>
  			<li><a href="/contact-info">Contact Us</a></li>
  			<li class="phantom"><a href="/search">Search</a></li>
  			<li class="phantom"><a href="/donation">Donate</a></li>
  		</ul>
  		</div><!--nav-block-->
  		<div class="split">
  			<a class="search-icon table-cell" href="/search">&nbsp;&nbsp;&nbsp;<i class="fas fa-search"></i></a>
  			<a id="b-donate" class="btn btn-outline-success btn-sm my-2 my-sm-0 table-cell" href="/donation" role="button">Donate</a><!-- id="b-donate" -->
  		</div>
  	</div><!--navigator-->
  </div><!--header-container-->
</header>
    
<!--null-->
<?xml version="1.0" encoding="UTF-8"?>
<?xml-stylesheet type="text/xsl" href="xmlmap.css"?>
<urlset xmlns="https://www.sitemaps.org/schemas/sitemap/0.9">

    
    <url>
        <loc>/about/</loc>
        <lastmod>2019-08-19</lastmod>
        <changefreq>daily</changefreq>
        <priority>0.5</priority>
    </url>
    
    <url>
        <loc>/calendar/</loc>
        <lastmod>2019-08-19</lastmod>
        <changefreq>daily</changefreq>
        <priority>0.5</priority>
    </url>
    
    <url>
        <loc>/contact-info/</loc>
        <lastmod>2019-08-19</lastmod>
        <changefreq>daily</changefreq>
        <priority>0.5</priority>
    </url>
    
    <url>
        <loc>/donation/</loc>
        <lastmod>2019-08-19</lastmod>
        <changefreq>daily</changefreq>
        <priority>0.5</priority>
    </url>
    
    <url>
        <loc>/education/</loc>
        <lastmod>2019-08-19</lastmod>
        <changefreq>daily</changefreq>
        <priority>0.5</priority>
    </url>
    
    <url>
        <loc>/events/</loc>
        <lastmod>2019-08-19</lastmod>
        <changefreq>daily</changefreq>
        <priority>0.5</priority>
    </url>
    
    <url>
        <loc>/events/</loc>
        <lastmod>2019-08-19</lastmod>
        <changefreq>daily</changefreq>
        <priority>0.5</priority>
    </url>
    
    <url>
        <loc>/highlights.html</loc>
        <lastmod>2019-08-19</lastmod>
        <changefreq>daily</changefreq>
        <priority>0.5</priority>
    </url>
    
    <url>
        <loc>/</loc>
        <lastmod>2019-08-19</lastmod>
        <changefreq>daily</changefreq>
        <priority>0.5</priority>
    </url>
    
    <url>
        <loc>/internship/</loc>
        <lastmod>2019-08-19</lastmod>
        <changefreq>daily</changefreq>
        <priority>0.5</priority>
    </url>
    
    <url>
        <loc>/leadership/</loc>
        <lastmod>2019-08-19</lastmod>
        <changefreq>daily</changefreq>
        <priority>0.5</priority>
    </url>
    
    <url>
        <loc>/backups/main.1.css</loc>
        <lastmod>2019-08-19</lastmod>
        <changefreq>daily</changefreq>
        <priority>0.5</priority>
    </url>
    
    <url>
        <loc>/assets/css/main.css</loc>
        <lastmod>2019-08-19</lastmod>
        <changefreq>daily</changefreq>
        <priority>0.5</priority>
    </url>
    
    <url>
        <loc>/mission/</loc>
        <lastmod>2019-08-19</lastmod>
        <changefreq>daily</changefreq>
        <priority>0.5</priority>
    </url>
    
    <url>
        <loc>/next_steps/</loc>
        <lastmod>2019-08-19</lastmod>
        <changefreq>daily</changefreq>
        <priority>0.5</priority>
    </url>
    
    <url>
        <loc>/operation-re-boot.html</loc>
        <lastmod>2019-08-19</lastmod>
        <changefreq>daily</changefreq>
        <priority>0.5</priority>
    </url>
    
    <url>
        <loc>/backups/page.1.html</loc>
        <lastmod>2019-08-19</lastmod>
        <changefreq>daily</changefreq>
        <priority>0.5</priority>
    </url>
    
    <url>
        <loc>/partnership/</loc>
        <lastmod>2019-08-19</lastmod>
        <changefreq>daily</changefreq>
        <priority>0.5</priority>
    </url>
    
    <url>
        <loc>/backups/primary%20pages.html</loc>
        <lastmod>2019-08-19</lastmod>
        <changefreq>daily</changefreq>
        <priority>0.5</priority>
    </url>
    
    <url>
        <loc>/purpose/</loc>
        <lastmod>2019-08-19</lastmod>
        <changefreq>daily</changefreq>
        <priority>0.5</priority>
    </url>
    
    <url>
        <loc>/resources/</loc>
        <lastmod>2019-08-19</lastmod>
        <changefreq>daily</changefreq>
        <priority>0.5</priority>
    </url>
    
    <url>
        <loc>/scholarship.html</loc>
        <lastmod>2019-08-19</lastmod>
        <changefreq>daily</changefreq>
        <priority>0.5</priority>
    </url>
    
    <url>
        <loc>/search.html</loc>
        <lastmod>2019-08-19</lastmod>
        <changefreq>daily</changefreq>
        <priority>0.5</priority>
    </url>
    
    <url>
        <loc>/showcase/</loc>
        <lastmod>2019-08-19</lastmod>
        <changefreq>daily</changefreq>
        <priority>0.5</priority>
    </url>
    
    <url>
        <loc>/showcase-carousel/</loc>
        <lastmod>2019-08-19</lastmod>
        <changefreq>daily</changefreq>
        <priority>0.5</priority>
    </url>
    
    <url>
        <loc>/showcase-request/</loc>
        <lastmod>2019-08-19</lastmod>
        <changefreq>daily</changefreq>
        <priority>0.5</priority>
    </url>
    
    <url>
        <loc>/showcase/</loc>
        <lastmod>2019-08-19</lastmod>
        <changefreq>daily</changefreq>
        <priority>0.5</priority>
    </url>
    
    <url>
        <loc>/showcase/</loc>
        <lastmod>2019-08-19</lastmod>
        <changefreq>daily</changefreq>
        <priority>0.5</priority>
    </url>
    
    <url>
        <loc>/site_map/</loc>
        <lastmod>2019-08-19</lastmod>
        <changefreq>daily</changefreq>
        <priority>0.5</priority>
    </url>
    
    <url>
        <loc>/sitemap/xml</loc>
        <lastmod>2019-08-19</lastmod>
        <changefreq>daily</changefreq>
        <priority>0.5</priority>
    </url>
    
    <url>
        <loc>/symposium.html</loc>
        <lastmod>2019-08-19</lastmod>
        <changefreq>daily</changefreq>
        <priority>0.5</priority>
    </url>
    
    <url>
        <loc>/testimonial/</loc>
        <lastmod>2019-08-19</lastmod>
        <changefreq>daily</changefreq>
        <priority>0.5</priority>
    </url>
    
    <url>
        <loc>/thank-you/</loc>
        <lastmod>2019-08-19</lastmod>
        <changefreq>daily</changefreq>
        <priority>0.5</priority>
    </url>
    
    <url>
        <loc>/sitemap.xml</loc>
        <lastmod>2019-08-19</lastmod>
        <changefreq>daily</changefreq>
        <priority>0.5</priority>
    </url>
    
    <url>
        <loc>/robots.txt</loc>
        <lastmod>2019-08-19</lastmod>
        <changefreq>daily</changefreq>
        <priority>0.5</priority>
    </url>
    
    <url>
        <loc>/feed.xml</loc>
        <lastmod>2019-08-19</lastmod>
        <changefreq>daily</changefreq>
        <priority>0.5</priority>
    </url>
    

    

</urlset>
<!-- Font-Awesome -->
<link rel="stylesheet" href="https://maxcdn.bootstrapcdn.com/font-awesome/4.5.0/css/font-awesome.min.css">

<div class="share-box">
    <h5>Share this:&nbsp;&nbsp;</h5>
    <!-- Facebook -->
    <a class="f" href="https://www.facebook.com/sharer/sharer.php?u=http://localhost:1492/sitemap/xml" onclick="window.open(this.href, 'mywin',
'left=20,top=20,width=500,height=500,toolbar=1,resizable=0'); return false;">
        <i class="fa fa-facebook-official fa"></i><span> facebook</span>
    </a>
    <!-- Twitter -->
    <a class="t" href="https://twitter.com/intent/tweet?text=&url=http://localhost:1492/sitemap/xml" onclick="window.open(this.href, 'mywin',
'left=20,top=20,width=500,height=500,toolbar=1,resizable=0'); return false;">
        <i class="fa fa-twitter fa"></i><span> twitter</span>
    </a>
    <!-- Pintrest -->
    <a class="p" href="https://www.pinterest.com/pin/create/button/?url=http://localhost:1492/sitemap/xml"
        onclick="window.open(this.href, 'pop-up', 'left=20,top=20,width=900,height=500,toolbar=1,resizable=0'); return false;"
        title="Share on Pinterest">
        <i class="fa fa-pinterest-p"></i><span> pinterest</span>
    </a>
    <!-- Reddit -->
    <a class="r" href="https://www.reddit.com/submit?url=http://localhost:1492/sitemap/xml" onclick="window.open(this.href, 'mywin',
'left=20,top=20,width=900,height=500,toolbar=1,resizable=0'); return false;">
        <i class="fa fa-reddit fa"></i><span> reddit</span>
    </a>
    <!-- Linkedin -->
    <a class="l" href="https://www.linkedin.com/shareArticle?mini=true&url=http://localhost:1492/sitemap/xml&title=&summary=&source=Cornerstone Community Development Corporation" onclick="window.open(this.href, 'mywin',
'left=20,top=20,width=500,height=500,toolbar=1,resizable=0'); return false;">
        <i class="fa fa-linkedin fa"></i><span> linkedin</span>
    </a>
    <!-- Email -->
    <a class="e" href="mailto:?subject=&amp;body=Check out this site http://localhost:1492/sitemap/xml"
       title="Share via Email">
        <i class="fa fa-envelope fa"></i><span> email</span>
    </a>
</div>
    
<footer id="flex-menu">
    

        <div><a class="menu-items" href="/about">About</a></div>
        <div><a class="menu-items" href="/contact">Contact</a></div>
        <div><a class="menu-items" href="/help">Help</a></div>
        <div class="bottom-control">Copyright &copy; 2019 &nbsp;&nbsp;&nbsp;</div>
        <div class="bottom-control"><a id="masthead" href="/">Cornerstone Community Development Corporation</a>&nbsp;&nbsp;
                &nbsp;</div>
        <div class="bottom-control">
          All rights reserved &nbsp;&nbsp;&nbsp;<i>Powered by 
                </i>
          <a id="webmaster" href="https://www.techhandie.com">TechHandie Corp.</a>
        </div>

    
</footer>

<!-- Old Footer
<div  id ="foot-menu">
        <ul>
          <li><a href="/about">About</a></li>
          <li><a href="/contact">Contact</a</li>
          <li><a href="/help">Help</a></li>
        </ul>
    </div>
    <div id ="bottom-control">
        <p>
            Copyright &copy; 2019 &nbsp;&nbsp;&nbsp;
            <a id="masthead" href="/">Cornerstone Community Development Corporation</a>&nbsp;&nbsp;
            &nbsp;All rights reserved &nbsp;&nbsp;&nbsp;<i>Powered by 
            </i><a id="webmaster" href="https://www.techhandie.com">TechHandie Corp.</a>
        </p>
</div>
-->

</div>
    
  
    <!-- For Bootstrap 4.1.3 | JQuery 3.3.1 | Popper 1.14.3 -->
    <script src="/node_modules/jquery/dist/jquery.min.js"></script>
    <script src="/node_modules/popper.js/dist/umd/popper.min.js"></script>
    <script src="/node_modules/bootstrap/dist/js/bootstrap.min.js"></script>

  </body>
</html>